Country,1990,1995,2000,2005,2010,2011,2012,2013,2014,2015,2016,2017
Aruba,,,,,,,,,,,,
Africa Eastern and Southern,34.53220417,34.37196936,34.33130864,33.80642371,33.73723286,34.31160987,34.81450978,34.67814814,34.03784641,35.72738435,35.49774718,35.50288778
Afghanistan,65.48679165,65.17951271,64.922462,64.52268271,65.24559168,66.83572711,66.02317421,61.36674452,59.01033025,61.2526558,56.28704672,56.91080835
Africa Western and Central,57.90254719,55.96846555,55.23762679,48.61154423,44.74449161,44.25634718,47.14777075,42.64082829,41.87431087,60.2116493,57.33404919,57.92978313
Angola,36.44811599,35.60290817,36.18296788,34.96291205,33.78724719,33.10419463,33.41549506,34.66392257,32.97402504,32.72987314,31.78538881,32.38850491
Albania,22.71866324,22.02921828,21.99824816,21.57525796,21.27782812,22.77253665,20.57825918,19.93851711,18.88395497,19.51253962,18.18993375,18.20060252
Andorra,14.11874161,13.93686693,12.59401471,12.96137804,12.8071975,13.27350555,12.40705303,11.81367331,10.83041825,11.46217847,10.25583443,10.30762139
Arab World,53.31750163,52.77288346,53.36447875,52.72339421,54.24204755,53.0660583,53.75131869,54.508281,52.95140958,60.81831919,59.15008941,59.054478
United Arab Emirates,39.82462869,39.77842718,39.69880052,38.98906239,38.98006849,39.1934301,39.27712811,39.6081551,37.98342106,42.33499,40.52210348,40.91750982
Argentina,16.22053017,16.84606475,16.78094792,16.40308536,16.85910062,17.38298213,16.13507182,15.59737515,14.46698041,14.6316259,13.75144403,13.31183395
Armenia,36.8607211,35.12094162,36.79644697,37.06872924,37.53004093,38.61227522,37.18448464,34.9372126,33.08594982,34.88143264,32.22716773,32.52811834
American Samoa,12.47908266,12.47908266,15.21466797,15.23784168,15.07272173,15.39064186,14.34415015,14.12722552,13.31699203,13.0193901,12.38272987,12.47382024
Antigua and Barbuda,22.40856353,22.45159506,21.97611804,22.13432961,22.52887611,23.1478617,21.47105044,20.73538507,19.72558362,19.69638779,18.46093032,18.62234285
Australia,10.41185463,10.42639658,10.84372366,10.59713361,10.6188794,11.04726492,10.53708999,9.98768389,9.492978752,9.320015289,8.614508924,8.550324401
Austria,16.86668825,15.70612581,15.35536282,15.59206265,15.14913995,15.57337093,14.28233205,14.08161348,13.37922794,13.54109517,12.59681605,12.47796673
Azerbaijan,23.94291482,23.39142886,22.880772,22.86570599,23.0476012,23.6298688,22.18081034,22.27878046,20.71006751,21.41412281,20.20815664,19.92866362
Burundi,41.24888833,40.0095359,40.95578012,40.14781299,38.38116825,38.23619121,41.01132776,39.97107204,39.38755864,38.43088048,38.65322349,38.89626795
Belgium,17.58749643,16.49606572,15.66245122,15.43635146,16.00931923,15.69844257,14.74189365,14.02266986,13.2336213,13.56652303,12.83308751,12.88651847
Benin,40.2201361,38.07847163,39.77629324,34.3288089,32.39296916,32.58084623,31.99200044,31.44329865,29.66045567,40.47068263,38.44770366,38.99995876
Burkina Faso,46.01466126,45.10893352,44.88311167,39.33511519,37.49132872,37.28137549,38.78415146,33.28720021,33.96909317,46.56216758,41.53724291,42.93559251
Bangladesh,61.59562963,61.80314399,63.0363418,68.87354591,70.76499566,70.2105489,70.79390882,65.64508289,68.3953774,66.96574924,60.12627467,60.84578458
Bulgaria,27.55988096,25.49281015,24.08980882,23.26730013,22.75619549,24.30032702,22.64465578,20.99963709,20.74356996,20.77642742,19.28301303,19.14913234
Bahrain,68.15876158,68.12334942,67.95778934,64.58727578,65.63088097,63.73249929,70.28748254,67.79467818,62.75854371,72.60467743,69.86418236,70.81620768
"Bahamas, The",21.01992374,21.2866269,21.31820066,21.06635652,21.1105137,21.77442494,20.31707569,19.90940079,18.49533328,18.88630621,17.65132069,17.36772049
Bosnia and Herzegovina,30.35255781,29.33961391,33.17226018,33.77212107,32.30015609,34.19186648,31.77325971,30.44623075,28.77732513,29.62283839,27.59446709,27.74766896
Belarus,24.58584826,22.656887,22.65026613,22.87190055,23.31940958,22.91114578,21.64637226,20.59045954,19.76605366,20.07627636,18.87823952,18.76557991
Belize,27.42980234,27.12519252,27.84143983,28.29257873,28.2730542,28.80044628,27.40912213,27.28443966,24.42114809,25.21682566,23.06568424,23.01189211
Bermuda,11.74975934,11.69101106,14.80544275,14.77558692,14.64738151,14.84311292,13.97908263,13.47885095,12.80641477,12.41796108,11.65994362,11.64635919
Bolivia,23.95267949,24.67257239,26.25444139,29.395643,29.5728099,27.90420439,26.39024388,26.09046897,24.81882932,22.47639992,21.3866041,21.5689866
Brazil,15.14386144,15.4128569,15.77348119,15.59592573,15.95528506,15.91279799,15.28545576,14.60990092,13.98993477,13.59465562,12.65867601,12.70662947
Barbados,28.21252173,28.2458825,28.47945619,28.482801,28.21681441,29.30348967,27.03352956,26.23023054,25.18301447,24.68624082,23.45919984,23.0801758
Brunei Darussalam,6.732298222,6.839568343,6.884513524,7.24439177,7.417004403,7.366187122,7.570822949,6.709489683,6.180830115,6.484179774,5.927600072,5.903065468
Bhutan,40.20596907,40.07507496,39.74957882,43.01963566,43.96188317,43.07170329,42.93227289,41.88190701,40.83967373,39.81863873,37.22436394,37.9265032
Botswana,25.43543083,24.98630892,25.30182437,25.07372693,25.72472072,24.59211459,24.85403894,24.87425931,24.15127779,24.33025796,23.63126742,23.09438618
Central African Republic,53.28715609,53.40425591,51.57214353,52.89663351,51.53331961,51.22953137,53.35883384,50.87491368,49.35636376,58.32609851,56.98542248,56.82849738
Canada,8.225863908,8.103930599,8.280983564,8.495469137,8.384457262,8.62446106,8.107410495,7.791636125,7.428419864,7.151582145,6.549074761,6.428383133
Central Europe and the Baltics,24.81804606,22.91582375,21.55990515,21.60903966,21.98802866,21.90983004,20.20362489,19.22537578,18.60919623,18.9941038,17.64108764,17.63329211
Switzerland,14.22837266,13.37056081,12.69076406,12.861816,12.92221973,13.04922122,12.26138801,11.82005499,11.38910719,11.16525468,10.34263047,10.3031001
Channel Islands,,,,,,,,,,,,
Chile,24.67605657,24.94324153,26.16859477,25.52731698,25.89229169,27.24586707,25.0471553,23.9366936,22.86825181,22.56979255,20.87687041,21.03629906
China,57.76500664,58.6601588,60.70483932,66.17450389,69.47957041,70.54202883,63.82701684,65.51455022,59.76736751,59.06342246,52.21132204,52.66459583
Cote d'Ivoire,25.87320064,24.85169224,25.26349351,21.8288118,21.617705,22.59307255,22.49440447,21.30554316,20.90017764,27.68749396,26.67470411,25.88626634
Cameroon,75.0066749,72.5750131,70.82948282,63.45308442,59.29340315,58.07690148,62.776697,58.18633815,56.71530558,77.05174298,73.20529127,72.79309622
"Congo, Dem. Rep.",43.2331345,43.48303483,44.76174457,42.04343872,41.39803933,41.49328795,43.03677157,44.49576095,42.5494471,44.93118592,45.49950018,44.9092636
"Congo, Rep.",46.68716073,42.66256501,43.59878521,42.68905182,42.00909211,44.15559345,43.48998719,46.12663732,45.85281627,44.14769514,45.7110424,46.63822028
Colombia,20.38351541,20.01323703,20.05341997,21.28477536,21.49784542,21.36777875,20.53663622,19.22334802,18.34420526,17.30028428,16.58060037,16.52721022
Comoros,21.75399127,21.07742304,21.54405572,21.24320643,20.66635788,21.02016044,21.2526292,21.04796184,21.50207199,20.71555746,20.48272773,20.5468246
Cabo Verde,36.13872533,36.36461069,36.62812416,30.2624091,27.59644067,31.64177817,32.94099303,32.08584342,31.62108111,38.63361366,33.39233075,34.7787001
Costa Rica,18.30876432,18.56164026,19.41210209,19.65730721,19.27295272,19.70213293,19.33512768,18.34151711,17.54363411,16.87928994,15.65581227,15.7259203
Caribbean small states,22.66794662,22.68586412,22.83912239,23.20019324,23.03226653,23.76486853,22.32645891,21.60990506,20.10205462,20.22760404,19.25183119,19.16437
Cuba,23.79235164,24.25965174,24.1373679,24.00991936,23.93329773,24.78731963,23.23978714,22.85074328,21.29623433,20.86409957,19.73784135,19.7060474
Curacao,,,,,,,,,,,,
Cayman Islands,,,,,,,,,,,,
Cyprus,20.9065766,20.5172218,20.18499397,19.7180449,20.08186599,20.09096399,19.22484321,18.68454574,18.29352737,19.10134763,16.9580216,17.2944062
Czechia,24.40361819,22.12133187,20.43670674,19.94659258,20.67687047,20.08124665,18.74317608,17.996287,17.39121549,17.41645169,16.1005837,16.07124535
Germany,17.01652364,15.62537022,14.90393488,14.53520844,15.18949496,14.66422844,13.57764226,13.19191946,12.75122057,12.82609758,11.93781112,12.02876736
Djibouti,40.87716559,41.22401354,40.98010856,39.17294068,38.24086927,40.44183546,39.94282079,40.10377303,41.25972754,45.95080851,45.86887513,45.5496176
Dominica,23.34142911,22.86565017,22.9554165,23.56283597,23.74074619,24.27612298,22.21579925,22.15106827,21.01030747,20.68878863,19.98814835,19.49315376
Denmark,13.25493039,12.66754747,12.41693942,12.07842801,11.92914817,12.66233138,11.11552501,10.82027884,11.06670453,10.65728566,10.09597196,10.02965344
Dominican Republic,15.44407366,15.73914006,16.4531496,16.58544537,16.87446546,17.29977986,16.15283991,15.39695063,14.1880737,14.85822076,13.69022772,13.72632115
Algeria,36.93025771,36.45658418,37.5360503,35.85882651,33.63582026,33.83404774,33.3668262,34.24532791,35.56391718,36.08916357,39.85327385,38.8840107
East Asia & Pacific (excluding high income),48.45488181,48.89148974,50.00423217,53.85714794,55.77127271,56.31645713,51.59619011,52.4116682,48.10767672,47.37025792,42.29880664,42.54350332
Early-demographic dividend,56.55643553,57.29788556,58.16920263,61.35514126,64.3109267,64.8812232,60.43305132,61.46463938,60.07650394,60.72225951,59.97909589,60.48061465
East Asia & Pacific,44.94513291,45.4515045,46.56443578,50.11040484,51.85169319,52.36330966,48.02794156,48.81565249,44.85305568,44.23203698,39.53331525,39.76715351
Europe & Central Asia (excluding high income),27.67274818,26.61990682,26.32564911,26.22747693,27.17515331,26.88903461,26.05090412,25.65360147,24.81139422,25.98915378,24.88762089,24.98799375
Europe & Central Asia,21.94650308,20.89404721,20.36873453,20.18481436,20.61307687,20.59845596,19.52162806,19.10150226,18.41916114,19.03669454,18.04708793,18.11312808
Ecuador,18.42443364,18.48500925,18.70026501,19.91466892,19.97918812,19.321995,19.55771048,18.1186093,16.23418751,15.69970761,14.98157801,14.88610066
"Egypt, Arab Rep.",75.47526578,72.33836024,73.26431954,74.03844104,77.44661885,70.78635638,72.79056861,76.21365354,76.55960126,88.21338765,88.1485004,86.99945205
Euro area,16.78512178,15.86466217,15.34222876,15.13192075,15.18766297,15.36666787,14.15782272,13.78847493,13.22492689,13.43108373,12.46667791,12.52540422
Eritrea,46.9213334,46.3436351,46.37292994,47.11026453,45.2271386,45.25744675,46.13384645,47.62781596,44.37494629,49.82891214,48.67093668,48.03019868
Spain,12.21132253,11.9453955,11.77420863,11.56902518,11.3493291,12.03799789,11.14962332,10.74258206,10.07458883,10.44910241,9.704138553,9.697927863
Estonia,9.051927283,8.578045915,8.227386728,8.457242673,8.519848763,8.442558919,7.810698651,7.482813578,7.705552572,7.003727673,6.821448031,6.732124015
Ethiopia,35.80074932,35.83580493,35.53396675,34.35100758,35.63414541,36.31794195,35.97384213,35.88420536,35.04359745,38.85860469,39.24503758,38.97873776
European Union,18.56752706,17.38393554,16.64127036,16.41886931,16.50234066,16.63135775,15.31027414,14.79947256,14.25026123,14.47134041,13.43189546,13.46615428
Fragile and conflict affected situations,47.27875046,46.7736516,46.51624813,44.41546244,43.30562919,43.38738794,44.60530159,42.48968182,41.09982338,50.60222534,48.65096774,48.94973932
Finland,7.412718231,7.232851604,7.093878711,7.142454436,7.190331396,7.283699708,6.601133581,6.278689198,6.468639868,6.063834353,5.893757483,5.861331001
Fiji,13.06679233,12.95578021,13.13845363,12.90249547,13.53381346,13.83646142,12.85205328,12.14461761,11.92289283,11.64194513,11.05934316,10.8401599
France,15.84966725,15.27350321,14.72301795,14.70450609,14.84562127,14.87801926,13.83475371,13.5943087,12.28970307,12.74570798,11.85518422,11.81496362
Faroe Islands,,,,,,,,,,,,
"Micronesia, Fed. Sts.",14.01098216,14.07006258,14.12448447,14.00630093,13.7492452,13.7316521,12.97443872,12.74251533,11.86686885,11.72598465,11.13451107,11.28339944
Gabon,42.91521481,42.84732106,42.58917115,39.97835312,40.27757856,41.13028375,40.8140906,40.72566252,41.31956969,44.09590117,43.72065291,44.38554846
United Kingdom,13.50818671,13.00544434,12.61822928,12.53789689,12.29910815,12.84799901,11.81449494,11.61890149,10.80055978,10.75487287,10.50466684,10.47269039
Georgia,26.52648592,25.27307039,25.27380103,25.62728402,26.10123773,26.78360332,25.00284928,23.91020353,22.96670742,24.25264627,21.82963618,22.19605462
Ghana,35.59497922,34.75965465,35.03722259,26.80667242,27.36828359,28.21169897,28.89742723,27.81534006,25.8895233,34.68190071,36.25265622,34.7135141
Gibraltar,,,,,,,,,,,,
Guinea,24.69337283,24.18143289,24.03487457,22.44512582,21.97102786,22.44535934,22.98996509,21.25856145,21.19667275,26.94288524,24.77771417,26.0624902
"Gambia, The",35.29382272,34.77638077,34.60088048,30.28366896,30.20126341,29.26492223,30.72906478,29.80467273,30.62189539,36.30538082,32.61530208,33.98263855
Guinea-Bissau,30.58919369,30.47041868,30.45688456,26.84057022,26.83635957,27.38943995,27.0902178,26.52420728,26.94095978,31.79127202,29.58586773,29.77470228
Equatorial Guinea,51.3694975,52.10080722,51.73967079,45.58395304,46.18648655,46.85258767,45.23237247,43.62579322,44.30179969,52.63437057,54.50903017,53.24062104
Greece,20.64297007,19.82827375,19.91860796,19.30810369,19.06108814,20.00154124,18.4207689,17.77941628,17.36504185,17.74055711,16.3289203,16.21826638
Grenada,27.73305723,27.73430716,27.48290026,27.77715503,27.47290781,28.13951521,26.46891843,25.84730814,24.28703113,24.16278293,22.88869124,22.72268748
Greenland,15.07685064,15.15751939,13.95706313,13.76893349,13.92232395,14.09660544,13.40669025,12.75796756,12.51054773,11.76203951,11.57250485,11.60217946
Guatemala,29.51331919,30.16835293,31.06172747,31.4646525,29.98259025,31.72733122,29.88625889,30.05682402,26.52785542,25.0727261,23.79782877,24.07064893
Guam,11.81600956,11.8129179,14.31416192,13.80854309,13.88834049,14.1035329,13.24230178,12.78879461,12.02255289,12.53178352,11.65176784,11.63440681
Guyana,24.94626221,24.43404161,27.39095384,27.77781074,27.31186474,27.92942466,26.90129942,24.85550257,23.64826569,23.88788174,22.37149881,22.37557463
High income,16.68898946,16.29010804,16.29308987,16.35992681,16.77173779,17.05161467,16.15512724,15.92907349,15.02960604,15.8619233,14.56384605,14.73491594
"Hong Kong SAR, China",,,,,,,,,,,,
Honduras,27.11257224,27.80802581,27.57162526,28.07955146,26.88295242,28.90074716,27.44714935,27.68413611,23.16154008,22.40619622,21.08695992,20.62885065
Heavily indebted poor countries (HIPC),39.69074186,39.67841806,39.53305204,37.61134337,37.08521706,37.80804803,38.40687051,37.13852994,36.33293811,41.30160771,40.40643351,40.62141242
Croatia,21.93869129,20.925025,21.51238502,22.12263296,21.33471864,21.96600369,20.2024228,19.58696201,18.43310352,19.20668151,17.78931891,17.90177229
Haiti,17.30372331,18.26293938,17.77978999,17.46177208,17.7952414,18.75791703,17.48024488,16.76701123,16.26222456,15.5402773,15.08648313,15.01982438
Hungary,21.83986141,20.01744577,18.98184965,19.46655171,19.13552438,19.36069,17.52996008,17.2318312,16.31532793,17.23213014,15.88535024,15.92604819
IBRD only,50.73671545,51.5031164,52.90120107,56.66957636,59.51532902,60.15565154,55.33383539,56.6935032,53.98749681,53.99447581,51.72043306,52.1622407
IDA & IBRD total,50.49101875,51.04480341,52.04931811,54.74311672,56.74955073,57.26105846,53.54659967,54.03292278,51.79658745,53.14216269,50.90791763,51.27947776
IDA total,49.48298741,49.26507151,48.93261476,48.15083854,47.90605119,48.13035501,47.9768543,45.830937,45.11394266,50.57115171,48.48618091,48.68170516
IDA blend,58.16560974,57.29242624,56.66024839,54.69586898,54.13699205,53.92021987,53.2467513,50.20147461,48.97911073,59.42066624,57.13577391,57.21321669
Indonesia,18.05281101,18.16476574,17.87738998,18.92663745,18.16928033,18.04965117,18.17016951,16.87918132,16.45463183,16.64028042,16.38415363,16.5026533
IDA only,45.08696433,45.1858815,44.96352769,44.7887367,44.69163293,45.14018664,45.25693448,43.57721083,43.12348544,46.02530386,44.06054412,44.33317263
Isle of Man,,,,,,,,,,,,
India,81.29063063,82.77130187,84.16480618,90.3264588,95.75817945,97.59937863,88.1694406,91.80479161,89.62238269,89.3033343,89.67217693,90.87321047
Not classified,,,,,,,,,,,,
Ireland,10.40502692,10.14926046,10.13777616,9.922228363,9.976375087,10.28507938,9.522691993,9.360153635,8.750521533,8.672473458,8.279163345,8.208576735
"Iran, Islamic Rep.",38.07173913,37.72776301,38.41777736,37.62776384,38.65150179,38.0496892,38.54205244,38.10109206,38.10949306,39.61053238,38.84130248,38.97876028
Iraq,63.71657184,63.26491987,62.45795718,62.8517892,68.71140482,66.36260979,66.84207687,63.80269591,56.56703027,66.26503791,63.95479607,61.63623571
Iceland,8.430091258,8.171578825,7.954558321,7.84294641,7.856536667,8.098884846,7.33692926,7.171207035,6.948896646,6.927968941,6.60765416,6.481147263
Israel,24.81052732,24.31730739,24.50362411,22.98279394,24.01923772,23.90468673,23.03884904,22.94633022,22.05914688,22.7797827,20.76570151,21.38110224
Italy,21.31972951,20.27006829,19.77733481,19.60087766,19.02523065,19.99426671,18.10524741,17.75772244,17.76927084,17.89144517,16.49037374,16.75071194
Jamaica,15.95386452,15.91905265,15.89381632,16.00963133,16.09171498,16.54249891,15.46047097,14.93139975,14.07433169,14.1766593,13.39596321,13.40415053
Jordan,35.34311707,34.60585976,33.51144474,32.4828384,33.55056636,33.01726148,33.01693524,33.41761072,33.20542058,34.30544926,33.17661668,33.00608118
Japan,14.41635955,14.31252428,14.20962576,14.34866645,14.14233824,14.14103105,13.12887233,13.36255833,12.58661692,12.68745973,11.62392259,11.70477819
Kazakhstan,16.87025189,15.73268837,15.94476469,15.61864066,15.91449319,15.24383546,14.48103768,14.5985643,13.74975351,14.38480208,13.08443846,13.82428836
Kenya,28.54755209,28.52077778,28.38549871,27.47729884,28.15477084,28.66288466,29.37227988,28.93534528,28.94935013,28.53628017,28.58337727,28.57837427
Kyrgyz Republic,26.15659834,25.43575825,27.08021965,26.77744197,27.26538617,27.51760207,25.48983252,25.44035534,23.29819153,24.34473551,23.1955558,22.73776806
Cambodia,29.47759664,30.0668419,29.97403414,31.40893477,31.34313632,30.91962359,31.28373261,30.33652957,28.58336628,26.76923854,25.20287478,25.61429187
Kiribati,13.11509091,13.42802016,13.52196482,13.34558892,13.17504079,13.35815463,12.59423175,12.32529751,11.39374232,11.51431847,10.53783926,10.64085586
St. Kitts and Nevis,,,,,,,,,,,,
"Korea, Rep.",29.33102172,29.52063135,29.76546929,30.40690403,29.80201,29.68119454,27.91595259,29.46191729,27.21311037,28.2142437,25.09854067,25.03942539
Kuwait,60.55584843,60.0572982,61.48199413,59.67398738,62.74398094,62.82540677,64.07091103,62.61130895,55.62390422,65.40607715,60.84385161,60.74515954
Latin America & Caribbean (excluding high income),19.49430471,19.91467838,20.74239623,21.02720364,21.0202581,21.45002405,20.39750245,19.74147902,18.33488293,17.68227702,16.66600101,16.65422501
Lao PDR,26.5362993,27.09515908,27.54506764,30.17021033,31.73199577,29.66966026,30.29741812,30.25948938,28.39017177,26.13948876,25.80101805,25.10953834
Lebanon,30.34220406,29.84509316,30.61420693,30.02476838,30.89212513,30.06910747,30.10805188,30.58809767,30.44456692,31.22929528,30.17186865,30.62111051
Liberia,17.12342903,17.17619463,17.25314331,16.02440579,15.24919691,16.14705151,16.28820747,15.38285732,14.94227071,18.21280418,17.88677836,17.98411246
Libya,45.06348692,46.71104239,46.25517373,47.12618829,50.1472295,44.63173396,44.9113635,49.2794823,47.50123391,51.53264014,52.1292063,54.25468179
St. Lucia,26.71198527,26.84988155,27.09613315,26.98484975,27.63597227,28.07865593,26.36748478,25.44480168,24.23630259,24.28323968,22.35339926,22.40081712
Latin America & Caribbean,19.58359094,19.96868936,20.79513547,21.07112545,21.04725966,21.50046995,20.43449941,19.76459679,18.38683812,17.74740827,16.69369374,16.70084697
Least developed countries: UN classification,46.08630906,46.26788956,46.07905829,46.21409218,45.96808385,46.35899673,46.54234286,44.78055128,44.40965327,47.0265447,44.92917005,45.27995458
Low income,41.90071856,42.11213455,41.73541008,40.10471728,39.84127362,40.74154855,41.08876828,40.07905298,39.05528196,43.80409451,42.55136451,42.83459516
Liechtenstein,,,,,,,,,,,,
Sri Lanka,29.76850353,30.18607255,30.8557618,30.95673529,31.03378115,31.23207466,30.08397283,28.89822769,26.92277652,25.33734371,14.02544523,11.09961724
Lower middle income,59.1161356,59.63103164,60.36316209,63.2677313,65.6750758,66.10601541,61.89587761,62.53878616,61.27318672,63.26156474,62.38624475,62.84859527
Low & middle income,51.01060713,51.57278745,52.57646398,55.27912384,57.28316535,57.79273848,54.04191809,54.55263577,52.28912988,53.65590118,51.39009141,51.75955847
Lesotho,30.70374352,31.66103372,31.49014676,30.098923,32.24059762,31.3547412,31.21324307,32.14869782,33.08010261,30.88497707,28.33683335,28.02865352
Late-demographic dividend,44.75388992,45.19885875,46.48998441,49.96432933,52.05132496,52.64321351,48.16905177,49.0044518,45.05211529,44.5665739,39.81273973,40.04680883
Lithuania,16.39810163,15.00076058,14.4281323,14.46207088,14.97106496,14.50968278,13.78452468,12.98119203,12.84519425,12.45503512,11.82161558,11.85328236
Luxembourg,13.69446214,12.94762576,12.56956635,12.35553519,12.95878369,12.68599568,11.77557609,11.6053841,10.85761339,11.00665465,10.31198129,10.3646374
Latvia,19.02341913,17.31863105,16.71996638,16.85589453,17.11506451,16.5726763,15.59855973,14.88430819,14.8790851,13.9682016,13.44747197,13.42645752
"Macao SAR, China",,,,,,,,,,,,
St. Martin (French part),,,,,,,,,,,,
Morocco,30.25549178,30.42096496,30.96744832,30.96781344,29.6489603,29.26656426,27.79028358,29.25951913,29.94944999,31.44008691,32.93537423,32.59354146
Monaco,,,,,,,,,,,,
Moldova,22.84505236,20.89016132,19.58110083,19.14452152,19.11610415,19.92486817,18.40928474,17.43239973,16.72646105,17.07913959,16.36379754,16.25103271
Madagascar,22.27356007,22.29494821,21.8724009,23.29406281,22.66201053,23.36285963,22.71642527,23.90916176,23.51776666,22.95040117,22.89570824,22.54228288
Maldives,11.43291943,11.50939536,11.08953254,11.43535931,11.30982939,11.78963462,11.1574823,10.56967928,9.921230863,9.37394394,7.972428925,7.795820799
Middle East & North Africa,50.27560044,49.70709855,50.71332695,50.14775609,52.20649338,50.63279377,51.45073097,52.31453533,50.82260572,57.3439364,56.09274032,55.95372169
Mexico,23.51655782,24.13661024,26.77918216,26.86289992,26.365439,27.74129679,25.98165883,25.44908967,23.09968975,22.13299585,20.70682854,20.92111579
Marshall Islands,13.06359474,13.3383996,13.04341192,12.92691993,12.94670836,12.93217057,12.12353358,11.87438859,11.07022018,10.83766846,10.15200199,10.24133222
Middle income,51.71030631,52.34373921,53.51782186,56.70429478,59.06912086,59.56730409,55.4104467,56.10199049,53.72394634,54.73862472,52.37619209,52.77110052
North Macedonia,41.87047581,39.93755917,36.3982167,35.63304687,34.45696977,38.0831195,34.65781455,32.01504863,31.79054123,31.97598914,29.59326907,29.72694451
Mali,41.52876825,40.57247992,39.80005538,37.84408134,36.39765973,35.14164437,34.7002263,32.30682338,33.91611574,41.92692766,38.48039528,38.52660616
Malta,16.85487078,16.66174535,16.5349456,16.10447805,16.4493999,16.64430398,15.39716095,15.28194422,14.43540357,14.72246254,13.81139444,13.90954337
Myanmar,39.80947392,40.76525561,39.36165302,43.3214544,44.05611525,43.61990347,42.5228124,42.88286944,40.28896854,38.51378205,36.033701,35.55745292
Middle East & North Africa (excluding high income),49.39715169,48.60989394,49.21370458,48.77236704,50.50192324,48.59976086,49.19233327,50.35809599,49.54452217,54.830218,54.67474446,54.15040302
Montenegro,28.59908877,27.80047525,26.00124623,25.56279261,25.0554063,26.62922388,24.68030289,23.27422599,21.94705168,22.55969129,20.92405137,20.78181355
Mongolia,37.91553694,36.83717825,39.03252666,39.72640499,43.30465329,45.36017005,42.6543748,42.32131127,39.29514006,42.51464988,38.22281711,40.11284905
Northern Mariana Islands,11.41490119,11.40998512,12.18124211,11.86877124,11.926381,12.19962657,11.43999611,10.96502021,10.3134722,10.39771204,9.91775575,9.892981129
Mozambique,23.38285769,22.79658067,22.68627092,22.66323062,23.56146872,22.6090715,22.86760109,22.63615999,22.61416414,21.90588194,21.47182554,21.29869546
Mauritania,50.06832036,48.41496384,48.86025116,41.87260231,39.63741338,40.04314497,42.34351169,40.21579155,43.11078408,49.49825592,46.66758772,47.42299178
Mauritius,15.77292981,15.75657978,15.39803836,15.53724944,15.1947729,15.20170165,15.24585596,15.55617651,15.29264823,14.44195579,14.34637947,14.45782732
Malawi,26.46902936,26.38950545,26.14208568,25.62740602,25.6961984,25.16500891,25.73840151,24.68347878,25.19822884,24.53742932,23.09261542,23.56592147
Malaysia,17.29444937,17.68253178,18.07616946,19.37781101,18.59375306,19.20260869,19.1822225,17.55444704,16.92315529,17.44091023,15.75128619,16.03580871
North America,9.554770848,9.421869948,9.404172572,9.501231017,9.263171352,9.630811687,8.914901948,8.641442734,8.142225648,7.973349587,7.32104817,7.311074733
Namibia,28.74978965,27.49759667,27.43381856,27.61976141,27.65989633,27.01015451,26.79870806,27.09281609,26.01812153,26.91001673,25.55214196,25.3587654
New Caledonia,,,,,,,,,,,,
Niger,90.59636837,88.63160196,87.50676266,73.43849329,69.15017669,72.98276678,72.54464459,63.03171725,60.54135722,87.28128201,87.70847201,94.05381768
Nigeria,72.12557597,68.71003624,67.5543285,59.65813988,52.60906391,50.97308923,56.1296377,49.74068894,48.63337361,75.39899187,71.369601,71.79817438
Nicaragua,22.60015976,22.34790325,23.0534074,23.02943656,22.4922691,22.47952015,22.35271161,21.92907575,19.38772134,18.56913277,17.7277291,17.61418045
Netherlands,16.469403,15.56169523,14.92868009,14.57801781,15.23243025,14.98813864,13.81241373,13.04314511,12.82879707,12.93210515,12.02524278,12.03440807
Norway,8.995380402,8.793261258,8.668866155,8.35949071,8.341507223,8.853510781,7.925281241,7.633674824,7.670895927,7.242775336,6.95945733,6.956519803
Nepal,87.59845477,90.68716449,88.9430217,93.21824756,100.7844279,100.7660607,96.96329149,95.31398561,98.11601657,96.25276818,98.05471403,99.73437372
Nauru,,,,,,,,,,,,
New Zealand,7.143831418,7.204397399,7.162288498,7.037087279,7.152865691,7.420696435,6.83583564,6.781885551,6.357903512,6.33043381,5.987363154,5.956001129
OECD members,17.34801408,16.96985941,17.04704443,17.06524118,17.15846835,17.28150718,16.32108739,16.07962657,15.35301866,15.47893864,14.50523536,14.54540022
Oman,40.18764563,39.60269064,39.85528916,39.65527175,37.51533394,39.10379482,40.73328348,41.0527687,37.71088051,42.62758972,41.78219181,41.11523827
Other small states,29.33032658,29.67515681,30.01128546,29.71192456,32.11944606,32.03867652,32.8657356,32.79041481,32.10577249,35.61357337,34.22626846,34.77381993
Pakistan,60.33465901,61.43286665,61.10602749,63.37843689,68.00519044,68.54493561,62.37664629,61.02216287,59.51836271,60.08589291,58.63276393,58.28241877
Panama,13.12754571,13.20617049,14.38301431,14.11531568,14.13891846,14.29603899,13.97236651,13.3978705,12.92161513,12.49074394,11.46554742,11.40005433
Peru,28.52093796,29.50529745,30.27366253,32.29922942,31.50257401,31.57116569,30.49445583,29.74308641,27.5826726,26.03726793,25.54274604,24.78672805
Philippines,22.116036,21.97021787,22.20389703,22.81857109,23.59231552,22.75483447,22.54958361,21.21628777,20.25958716,19.58154202,18.22692834,18.06979891
Palau,,,,,,,,,,,,
Papua New Guinea,15.12629938,14.63744926,14.75156315,14.52423915,14.94135871,15.51903383,14.60653316,13.95262793,13.24529823,13.2617261,12.61505599,12.29441826
Poland,30.19942899,27.89182803,25.82218582,26.15121823,27.17650018,26.37250707,24.26397739,22.9287237,22.21089179,22.69131805,20.9757679,20.87782222
Pre-demographic dividend,48.94759934,48.01825517,47.53441296,44.36053322,42.32498219,42.36975699,44.09878318,41.56828005,40.53963649,50.27092128,48.38076802,48.62396086
Puerto Rico,8.23819126,8.233421567,10.4360024,10.39992619,10.37254851,10.57940611,9.96624445,9.703754136,9.089227717,8.920910287,8.342871258,8.349033339
"Korea, Dem. People's Rep.",38.45306514,38.35749164,38.16205775,39.09471427,39.34265696,38.89336879,36.40751446,37.13485586,35.2402154,37.41178381,31.75842415,32.00745162
Portugal,10.14053093,10.08459412,10.12369262,10.44970823,10.07688693,10.35501263,9.484802799,9.432044129,8.78479289,8.823283435,8.052763686,8.160752248
Paraguay,14.02361707,14.28826778,14.21308628,15.13047022,15.10292317,14.59811855,13.94830615,12.92656928,12.6410755,13.03807402,11.64932248,11.90908085
West Bank and Gaza,34.22575105,34.16200122,33.85375163,31.97449427,33.00667425,32.87331274,32.76945904,33.49296358,33.44828276,33.89141151,32.74206764,33.22563038
Pacific island small states,13.42969178,13.27947214,13.54587756,13.52994566,13.84330629,14.03654869,13.06139827,12.44997601,12.0081163,11.99674603,11.30309658,11.26671961
Post-demographic dividend,15.55507329,14.87578755,14.49365793,14.39668434,14.17348861,14.41549075,13.36051257,13.13268899,12.43604688,12.53493249,11.60178147,11.5934298
French Polynesia,,,,,,,,,,,,
Qatar,91.63638866,89.9934996,83.53532806,85.32646863,84.12290235,81.2730055,89.24697128,88.89051503,78.83284035,94.40389119,88.22244652,91.18732793
Romania,20.31926367,18.57241501,17.69674039,17.15777611,17.06214749,17.63675464,16.31584539,15.36930935,15.00649546,15.43355526,14.53706284,14.61134019
Russian Federation,21.22334661,19.87333348,19.0540371,18.99521728,19.48031098,19.19151083,18.30433841,17.79507055,16.58216295,17.0191912,16.21988971,16.16022381
Rwanda,45.52701299,44.05491614,43.48168912,42.69118425,41.44091192,42.68095937,44.56089624,44.41158508,42.21148744,42.61448971,42.84380209,43.21021716
South Asia,76.46732478,77.72556936,78.76610698,84.16746586,89.00718827,90.40250261,82.58354474,84.53901708,82.93888795,82.6237694,81.90757564,82.81271279
Saudi Arabia,70.57306857,72.58494094,79.075526,76.42244447,81.69918208,82.41903191,85.51330311,83.63099223,75.60844062,97.432289,84.46577505,87.94544668
Sudan,51.14362625,52.38815795,49.42807693,50.17542884,47.26205558,51.15242727,49.68593895,48.02814491,48.14174218,58.90478573,54.14727633,55.37083444
Senegal,41.01650284,41.70807834,41.35304585,35.54506007,34.98538395,35.93539952,36.16775596,34.0182249,36.82683776,44.34080072,38.69494655,40.6958259
Singapore,18.72424305,18.75501505,19.32318502,20.80131394,20.60946174,19.34942078,20.88649301,18.70707148,17.40887705,20.66338947,18.79780262,19.0782565
Solomon Islands,13.76173553,13.09875403,13.86695434,14.17872347,14.37425559,14.37537331,13.43024493,12.55325496,12.17203082,12.69969555,11.83068915,11.87912184
Sierra Leone,20.73264763,20.13938382,20.50687033,19.31250968,18.52888841,18.74315581,20.10129417,18.43566679,17.69823222,22.52859793,21.34393233,21.62594668
El Salvador,31.12621396,31.81959015,31.8525956,31.97286682,30.46194135,33.62826513,30.93397435,30.75988157,27.50259084,26.47473092,24.73648611,24.47229229
San Marino,,,,,,,,,,,,
Somalia,31.73598464,29.90111252,31.38598928,29.7218033,29.00018535,31.23015581,31.58710495,29.5515726,30.40108067,32.01839243,31.75174608,32.03458423
Serbia,31.41516437,29.79295442,29.22397031,29.68541749,29.10058899,31.03402776,28.5847484,27.43078591,26.49207255,26.95437789,24.78062162,24.72635819
Sub-Saharan Africa (excluding high income),43.88725562,43.01805624,42.73148414,39.78897173,38.19716586,38.34365011,39.81679382,37.90788441,37.21588469,45.6499473,44.34648898,44.59357201
South Sudan,46.23936209,45.37858315,44.10158865,44.39170427,43.22533996,45.10147241,43.97405864,42.64200121,41.90056033,47.76803169,44.84657199,45.57750557
Sub-Saharan Africa,43.88428366,43.01534097,42.72893567,39.78702543,38.19542046,38.34203206,39.81505295,37.90628921,37.21437256,45.64757673,44.34430126,44.59137253
Small states,26.67631581,26.98869882,27.34809497,27.28218463,29.19492963,29.31109926,29.61625121,29.4188489,28.63534542,31.3510007,30.12967894,30.56975527
Sao Tome and Principe,30.44904446,30.31451602,30.31190099,29.33439458,27.12662111,27.86024402,25.91584337,27.65881666,27.86230189,28.43209352,28.6665386,28.53958436
Suriname,29.99310016,30.04112474,29.02589301,29.97570504,29.83188899,31.03872183,29.1336101,28.80831685,25.99884713,25.9732844,25.31697817,24.78001054
Slovak Republic,24.95343635,22.8106087,21.7239994,21.94341977,21.69021974,21.76719851,19.76493293,19.31549268,18.30418161,18.8026457,17.35366264,17.56291134
Slovenia,22.27114799,20.88141418,19.13404698,19.42284115,18.6816561,19.5141379,17.67007906,17.57137864,16.63270074,17.12815192,15.91273727,16.02397998
Sweden,7.947532306,7.575328372,7.57800898,7.165820215,7.209759036,7.391221331,6.627941996,6.431168897,6.959197681,6.322498333,6.114258462,6.18466509
Eswatini,18.83218111,18.406869,18.66855131,18.3048844,18.12819268,17.97331213,18.1823313,18.30780849,17.97877739,17.92480826,17.14854776,17.16878731
Sint Maarten (Dutch part),,,,,,,,,,,,
Seychelles,21.79736001,21.76837461,21.64752028,21.77301003,21.09126804,21.61035805,21.49533511,20.96973692,20.97051747,20.05359496,20.40382446,20.17864936
Syrian Arab Republic,46.71794575,44.62346833,41.55630603,39.94175144,42.65768485,41.12495285,41.01683877,41.91496819,41.53448066,44.31390854,43.70255284,43.75725947
Turks and Caicos Islands,,,,,,,,,,,,
Chad,65.7209816,68.90049893,65.97160056,58.20089197,56.58662749,55.19515958,58.67538804,53.0564069,51.24716851,68.68239375,64.77076912,66.0292055
East Asia & Pacific (IDA & IBRD countries),48.58760235,49.03184722,50.15964085,54.04832025,55.98099358,56.53796404,51.78847024,52.60432734,48.26950269,47.49537495,42.43074673,42.67502613
Europe & Central Asia (IDA & IBRD countries),27.43403109,26.25072658,25.78563855,25.73465673,26.65282803,26.37510801,25.40179716,24.90336433,24.09657479,25.18601342,24.04672773,24.13656276
Togo,38.11479034,37.70164937,37.68585568,31.39154567,30.52294447,30.85480627,31.36920959,29.56592775,28.93629146,38.35682101,37.05110734,35.73133561
Thailand,30.8316219,30.9397171,30.96035104,31.80703309,31.56539944,31.60962923,31.52531464,31.17472364,29.36464114,27.34456692,26.25805467,26.25672656
Tajikistan,50.98790028,51.6068304,51.18266252,49.33935285,50.40541765,54.319961,48.98960355,49.55313763,46.48082923,47.79297353,43.37770931,46.15218537
Turkmenistan,25.30134467,25.37096997,25.47155531,23.85405702,24.85182927,25.49609942,23.80201005,23.7218898,22.08490686,22.97054002,21.74112228,21.76772098
Latin America & the Caribbean (IDA & IBRD countries),19.56892581,19.95757453,20.79714594,21.08339956,21.05782029,21.50341587,20.44376736,19.76494632,18.38474669,17.73693454,16.68118362,16.6884605
Timor-Leste,23.05657919,23.25599346,23.50129746,23.25316131,23.49239604,23.75671867,22.46662382,21.96462302,20.45010047,20.62318671,20.01790265,19.25720917
Middle East & North Africa (IDA & IBRD countries),49.5294435,48.75039159,49.37344769,48.95308803,50.69701758,48.77630854,49.37788672,50.54948743,49.72777132,55.06936875,54.926347,54.39117572
Tonga,13.16782279,13.30625011,12.79857127,13.17913931,13.53194839,13.5170884,12.43817111,12.14771339,12.05763996,11.31296782,10.95142376,10.78547886
South Asia (IDA & IBRD),76.46732478,77.72556936,78.76610698,84.16746586,89.00718827,90.40250261,82.58354474,84.53901708,82.93888795,82.6237694,81.90757564,82.81271279
Sub-Saharan Africa (IDA & IBRD countries),43.88428366,43.01534097,42.72893567,39.78702543,38.19542046,38.34203206,39.81505295,37.90628921,37.21437256,45.64757673,44.34430126,44.59137253
Trinidad and Tobago,28.87598896,29.46078287,28.794061,29.5259354,28.70418626,29.85162487,27.94250467,27.15873901,24.85584226,24.8980769,24.23048069,24.10856843
Tunisia,35.94963268,35.94088146,35.60252683,33.55744756,35.54548859,33.86835212,32.81580557,35.65414466,34.69205883,36.30424932,38.45049077,37.65599375
Turkiye,42.5988219,41.97206044,42.69252478,41.20201574,43.82122875,40.54510881,41.92091892,42.06258311,42.59577121,45.4015556,44.48275839,44.31152568
Tuvalu,,,,,,,,,,,,
Tanzania,29.86164572,28.80842485,28.97369746,29.57383579,28.60753269,28.72876866,29.96984478,29.35963299,28.87371592,28.2404487,28.44356969,29.07664051
Uganda,47.87483958,48.34343848,46.02890682,45.94616803,44.75869737,47.06116817,49.62672958,47.72115871,46.93056685,48.94936019,51.94410661,50.49432132
Ukraine,28.30954725,25.88673175,24.15791294,23.92220402,23.52265648,23.97110359,22.3287933,21.5323995,20.48689522,21.24645457,20.618187,20.30977582
Upper middle income,43.95533668,44.39137419,45.71041399,48.84734903,50.79880415,51.3106288,47.1617104,47.85984484,43.99385557,43.68084684,39.29851276,39.51417115
Uruguay,10.8707002,10.74385689,11.3670823,10.91842449,11.02705557,11.4687322,10.5672946,10.45560559,9.926816159,9.65945432,9.197441119,9.27488332
United States,9.70166727,9.566392202,9.525138004,9.609824465,9.35863641,9.740640607,9.00316337,8.734777211,8.220720319,8.063920222,7.406464089,7.409441662
Uzbekistan,35.90257662,34.7875857,31.93634522,31.53029376,32.07745356,33.99383696,31.6621061,30.80519356,28.9000361,30.3943319,27.8143471,28.4559012
St. Vincent and the Grenadines,27.16453879,27.16265924,26.95793233,27.06413496,26.39665862,27.58281022,25.75407882,24.76218005,23.03093206,23.47317148,22.07655177,22.20051632
"Venezuela, RB",21.45715928,21.2709634,21.61028202,22.36925987,21.68286882,22.03310792,21.24572753,20.42894973,19.10406153,18.30300574,16.76799384,17.00855357
British Virgin Islands,,,,,,,,,,,,
Virgin Islands (U.S.),10.29925266,10.29546773,12.85075614,12.76008076,12.75209971,12.99373844,12.23312314,11.95551314,11.1658167,11.02889651,10.26484343,10.26531228
Vietnam,35.92847732,36.01680964,36.23884543,37.74959295,39.36539699,38.4869748,37.22745154,36.83590641,34.89601505,32.46644382,30.24131157,29.62672834
Vanuatu,13.67055036,13.52147409,14.06654609,14.18976992,14.12951255,14.38296402,13.24245239,12.74069289,11.93385168,12.15721001,11.59090896,11.65277703
World,44.27847108,44.92152548,45.98841248,48.43747541,50.32130357,50.84436633,47.62521722,48.05060208,46.05516749,47.36460875,45.295799,45.67333774
Samoa,14.31125006,14.29698836,14.32047044,14.20545807,14.28809394,14.69309609,13.62788239,13.38252208,12.64355999,12.32179572,11.36629822,11.54802701
Kosovo,,,,,,,,,,,,
"Yemen, Rep.",48.86372652,50.02771602,50.8679329,45.14480779,45.97946993,50.83529078,51.43445402,52.99844335,48.33865267,54.26028666,50.12762567,50.45600689
South Africa,26.12020279,26.28537348,26.67379878,26.32287788,27.13858684,26.55787322,26.57708662,26.72926171,26.72221238,26.11297177,25.14041614,25.10220499
Zambia,32.76484509,30.90846554,30.89820415,28.94705522,28.8363786,28.98711674,29.74203953,29.11222078,28.49325189,28.37545168,27.35567371,27.43803476
Zimbabwe,23.31990791,22.72626927,23.12637318,23.3147417,23.2314787,23.07421266,23.19809712,23.11108755,22.80594966,21.73370858,21.72694718,22.25167109
